"ALA0","ALA1","ALA2","ALA3","ALA4","ARG0","ARG1","ARG2","ARG3","ARG4","ASN0","ASN1","ASN2","ASN3","ASN4","ASP0","ASP1","ASP2","ASP3","ASP4","CYS0","CYS1","CYS2","CYS3","CYS4","GLN0","GLN1","GLN2","GLN3","GLN4","GLU0","GLU1","GLU2","GLU3","GLU4","GLY0","GLY1","GLY2","GLY3","GLY4","HIS0","HIS1","HIS2","HIS3","HIS4","ILE0","ILE1","ILE2","ILE3","ILE4","LEU0","LEU1","LEU2","LEU3","LEU4","LYS0","LYS1","LYS2","LYS3","LYS4","MET0","MET1","MET2","MET3","MET4","PHE0","PHE1","PHE2","PHE3","PHE4","PRO0","PRO1","PRO2","PRO3","PRO4","SER0","SER1","SER2","SER3","SER4","THR0","THR1","THR2","THR3","THR4","TRP0","TRP1","TRP2","TRP3","TRP4","TYR0","TYR1","TYR2","TYR3","TYR4","VAL0","VAL1","VAL2","VAL3","VAL4","SITE"
"n","n","n","n","y","n","n","n","n","n","n","n","n","n","n","n","n","n","n","n","n","n","n","n","n","n","n","n","n","y","n","n","n","y","n","n","y","n","n","y","n","n","n","n","n","n","y","n","y","n","n","n","n","y","n","n","n","n","n","n","n","n","n","n","n","n","n","n","n","n","n","n","n","n","n","n","n","n","y","n","n","n","n","n","n","n","n","n","n","n","n","n","n","n","y","n","n","n","y","n","nonsite"
"n","n","n","y","n","n","n","n","n","n","n","n","n","y","n","n","n","y","y","n","n","n","n","n","n","n","n","y","y","n","n","n","n","y","y","n","n","n","n","n","n","n","n","n","n","n","n","n","n","n","n","n","n","n","y","n","n","n","n","n","n","n","n","n","n","n","n","n","n","n","n","n","n","n","n","n","n","n","n","n","n","n","n","n","n","n","n","n","n","n","n","n","n","n","n","n","n","y","n","n","site"
"n","n","n","n","y","n","n","n","y","y","n","n","n","n","n","n","n","n","n","y","n","n","n","n","n","n","n","n","n","y","n","y","n","n","n","n","n","n","n","n","n","n","n","n","n","n","n","n","n","n","n","n","n","y","n","n","n","n","n","n","n","n","n","n","n","n","n","n","n","n","n","n","n","n","n","n","n","n","y","n","n","n","n","n","n","n","n","n","n","n","n","n","n","n","n","n","n","n","n","y","nonsite"
"n","n","n","n","n","n","n","n","n","n","n","n","n","n","n","n","n","n","n","n","n","n","n","n","n","n","n","n","y","n","n","n","n","n","n","n","n","n","n","n","n","n","n","n","n","n","n","n","n","n","n","n","n","n","n","n","n","n","n","n","n","n","n","n","n","n","y","n","n","y","n","n","n","n","n","n","n","n","n","n","n","n","n","n","n","n","n","n","n","n","n","n","y","y","n","n","n","n","n","y","nonsite"
"n","n","n","n","n","n","n","n","n","n","n","n","n","y","n","n","n","y","y","n","n","n","n","n","n","n","n","n","n","n","n","n","n","n","y","n","n","n","y","n","n","n","n","n","n","n","n","n","n","y","n","n","y","y","n","n","n","n","n","n","n","n","n","n","n","n","n","n","n","n","n","n","n","n","n","n","n","n","y","n","n","n","n","y","n","n","n","n","n","n","n","n","n","n","n","n","n","n","n","n","site"
"n","n","n","n","n","n","n","n","n","n","n","n","n","y","y","n","n","y","y","n","n","n","n","n","n","n","n","n","y","n","n","n","n","n","n","n","n","n","y","n","n","n","n","y","n","n","n","y","n","n","n","n","n","n","y","n","n","n","n","n","n","n","n","y","n","n","n","n","n","n","n","n","n","n","n","n","n","y","n","n","n","n","n","n","n","n","n","n","n","n","n","n","n","n","n","n","n","n","n","n","site"
"n","n","n","y","y","n","n","n","n","y","n","n","n","n","n","n","n","n","n","n","n","n","n","n","n","n","y","n","n","n","n","n","n","y","n","n","n","n","n","n","n","n","n","n","n","n","n","n","n","y","n","n","n","n","n","n","n","n","n","n","n","n","n","n","y","n","n","n","n","n","n","n","n","n","y","n","n","n","n","n","n","n","n","y","n","n","n","n","n","y","n","n","n","y","n","n","n","n","n","y","nonsite"
"n","n","n","n","n","n","n","n","n","n","n","n","n","n","n","n","n","n","y","y","n","n","n","n","n","n","n","n","n","n","n","n","n","n","y","n","n","n","n","y","n","n","n","n","n","n","n","n","n","n","n","n","y","n","n","n","n","n","y","n","n","n","n","n","n","n","n","n","n","n","n","n","n","n","n","n","n","n","n","n","n","n","n","n","y","n","n","n","n","n","n","n","n","n","n","n","n","n","n","n","site"
"n","n","n","n","n","n","n","n","n","n","n","y","y","n","n","n","n","n","n","y","n","n","n","n","n","n","n","y","n","y","n","n","n","n","n","n","n","n","n","n","n","n","n","n","n","n","n","n","n","n","n","n","n","n","n","n","n","n","y","n","n","n","n","n","n","n","n","n","n","y","n","n","n","y","n","n","n","n","n","n","n","n","n","n","n","n","n","n","n","n","n","n","n","n","n","n","n","n","n","y","nonsite"
"n","n","n","n","n","n","n","n","n","n","n","n","n","y","n","n","n","y","y","n","n","n","n","n","n","n","n","n","n","n","n","n","n","n","y","n","n","n","y","n","n","n","n","n","n","n","n","y","n","n","n","n","n","n","n","n","n","n","n","n","n","n","n","n","n","n","n","n","n","n","n","n","n","n","n","n","n","n","y","n","n","n","n","y","n","n","n","n","n","n","n","n","n","n","n","n","n","n","y","n","site"
"n","n","n","y","n","n","n","n","n","n","n","n","n","y","n","n","n","y","y","n","n","n","n","n","n","n","n","n","n","n","n","n","n","n","y","n","n","n","n","y","n","n","n","n","n","n","n","n","n","y","n","n","n","n","n","n","n","n","n","n","n","n","n","n","n","n","n","n","n","n","n","n","n","n","n","n","n","n","n","y","n","n","n","n","n","n","n","n","n","n","n","n","n","n","n","n","n","n","y","y","site"
"n","n","n","n","n","n","n","n","n","n","n","n","n","n","n","n","n","n","n","n","n","n","n","n","n","n","y","n","n","n","n","n","n","y","n","n","y","n","n","n","n","n","n","n","n","n","n","n","y","n","n","n","n","y","y","n","n","n","n","n","n","n","n","n","n","n","n","y","n","n","n","n","n","n","n","n","n","n","n","y","n","n","n","n","y","n","n","n","n","n","n","n","n","n","n","n","n","y","n","n","nonsite"
"n","n","y","n","n","n","n","n","n","n","n","n","n","n","n","n","n","y","y","n","n","n","n","n","n","n","n","n","n","n","n","n","n","n","n","n","n","n","y","n","n","n","n","n","n","n","n","y","n","n","n","n","n","n","n","n","n","n","y","n","n","n","n","n","y","n","n","n","y","n","n","n","n","n","n","n","n","n","n","n","n","n","n","y","n","n","n","n","n","n","n","n","n","n","n","n","n","n","n","n","site"
"n","n","n","n","n","n","n","n","n","n","n","n","n","y","n","n","n","y","y","n","n","n","n","n","n","n","n","n","n","n","n","n","n","n","y","n","n","n","y","n","n","n","n","n","n","n","n","y","n","n","n","n","n","n","n","n","n","n","y","n","n","n","n","n","n","n","n","n","n","y","n","n","n","n","n","n","n","n","y","n","n","n","n","n","n","n","n","n","n","n","n","n","y","n","n","n","n","n","n","n","site"
"n","n","n","n","n","n","n","n","y","n","n","n","n","y","n","n","n","y","y","n","n","n","n","n","n","n","n","n","n","y","n","n","n","n","y","n","n","n","y","n","n","n","n","n","n","n","n","y","n","n","n","n","n","n","n","n","n","n","n","n","n","n","n","y","n","n","n","n","n","n","n","n","n","n","n","n","n","y","n","n","n","n","n","n","n","n","n","n","n","n","n","n","n","n","y","n","n","n","n","n","site"
"n","n","n","y","y","n","n","n","n","n","n","n","n","n","n","n","n","y","n","n","n","n","n","n","n","n","n","n","n","n","n","n","n","n","y","n","n","n","y","n","n","n","n","n","n","n","y","n","n","n","n","n","y","n","n","n","n","y","n","n","n","n","n","n","y","n","n","n","n","n","n","n","n","n","n","n","n","n","n","n","n","n","n","n","n","n","n","n","n","n","n","n","n","n","n","n","y","n","n","n","nonsite"
"n","n","n","y","n","n","n","n","n","n","n","n","n","n","n","n","n","n","y","n","n","n","n","n","n","n","n","n","n","n","n","n","n","n","n","n","n","n","n","n","n","n","n","n","n","n","n","n","n","n","n","n","y","n","n","n","n","n","n","n","n","n","n","n","n","n","n","y","n","y","n","n","y","n","n","n","n","n","n","y","y","n","n","y","y","n","n","n","n","y","n","n","n","n","n","n","n","n","n","n","nonsite"
"n","n","n","y","n","n","n","n","n","y","n","n","y","n","n","n","n","n","n","y","n","n","n","n","n","n","n","n","n","n","n","n","n","y","n","n","n","n","n","n","n","n","n","n","n","n","n","y","y","y","n","n","n","n","n","n","n","n","y","y","n","n","n","n","n","n","n","n","n","n","n","n","n","n","n","n","n","n","n","y","n","n","n","n","n","n","n","n","n","n","n","n","n","n","n","n","n","n","y","y","nonsite"
"n","n","n","n","n","n","n","n","n","n","n","n","n","n","n","n","n","n","n","n","n","n","n","n","n","n","n","n","n","n","n","n","n","y","n","n","n","n","n","n","n","n","n","n","n","n","n","n","n","n","n","n","n","n","n","n","n","n","n","n","n","n","n","n","n","n","n","n","n","n","n","n","n","n","n","n","n","n","n","n","n","n","n","n","n","n","n","n","n","n","n","n","n","n","n","n","n","n","n","n","nonsite"
"n","n","n","y","n","n","n","n","n","n","n","n","n","y","n","n","n","y","y","n","n","n","n","n","n","n","n","n","n","n","n","n","n","n","y","n","n","n","y","n","n","n","n","n","n","n","n","y","n","n","n","n","n","n","n","n","n","n","n","n","n","n","n","n","n","n","n","n","n","n","n","n","n","n","n","n","n","n","n","n","n","n","n","y","n","n","n","n","n","n","n","n","n","n","n","n","n","n","n","n","site"
"n","n","n","n","n","n","n","n","n","n","n","y","n","n","n","n","n","n","y","n","n","n","n","n","n","n","n","n","n","n","n","n","n","n","n","n","n","n","n","n","n","n","n","n","n","n","n","n","n","n","n","n","n","y","n","n","n","n","n","n","n","n","n","n","n","n","n","y","n","y","n","n","y","n","n","n","n","n","n","n","n","n","y","n","n","n","n","n","n","n","n","n","n","n","n","n","n","n","y","n","nonsite"
"n","n","n","n","y","n","n","n","n","n","n","n","n","y","n","n","n","y","y","n","n","n","n","n","n","n","n","y","n","n","n","n","n","n","y","n","n","n","y","n","n","n","n","n","n","n","n","n","y","n","n","n","n","n","n","n","n","n","n","n","n","n","n","n","n","n","n","n","n","n","n","n","n","n","n","n","n","n","n","n","n","n","n","n","n","n","n","n","n","n","n","n","n","n","n","n","n","y","n","n","site"
"n","n","n","n","n","n","n","n","n","n","n","n","n","n","n","n","n","n","n","n","n","n","n","n","n","n","n","n","n","n","n","n","n","n","y","n","n","n","n","n","n","n","n","n","n","n","n","y","n","n","n","n","n","n","n","n","n","n","n","y","n","n","n","n","n","n","n","n","n","n","n","n","y","n","n","n","n","n","n","n","n","n","n","y","n","n","n","n","n","y","n","n","n","y","n","n","n","n","n","n","nonsite"
"n","n","n","n","n","n","n","n","y","n","n","n","n","n","n","n","n","n","y","n","n","n","n","n","n","n","n","n","n","n","n","n","n","n","y","n","n","n","y","n","n","n","y","n","n","n","n","n","n","n","n","n","y","n","n","n","n","y","n","n","n","n","n","n","n","n","n","n","y","n","n","n","n","n","n","n","n","y","y","n","n","n","n","y","n","n","n","n","n","n","n","n","n","n","y","n","n","n","y","n","site"
"n","n","n","y","n","n","n","n","n","n","n","n","n","n","y","n","n","n","n","n","n","n","n","n","n","n","n","n","n","n","n","n","n","y","n","n","y","n","n","y","n","n","n","n","n","n","n","n","y","n","n","y","n","y","n","n","n","n","n","n","n","n","n","n","n","n","n","n","n","n","n","n","n","n","n","n","n","n","n","n","n","n","n","n","n","n","n","n","y","n","n","n","n","n","y","n","n","y","n","n","nonsite"
"n","n","y","y","n","n","n","n","n","n","n","n","n","n","n","n","n","y","y","n","n","n","n","n","y","n","n","n","n","n","n","y","n","n","y","n","n","n","n","y","n","n","n","n","y","n","n","n","n","y","n","n","n","n","n","n","n","n","n","y","n","n","n","n","n","n","n","n","n","n","n","n","n","n","n","n","n","y","n","n","n","n","n","n","n","n","n","n","n","y","n","n","n","n","n","n","n","n","n","y","nonsite"
"n","n","n","n","n","n","n","y","n","n","n","n","n","y","n","n","n","y","y","n","n","n","n","n","n","n","n","n","n","n","n","n","n","n","y","n","n","n","y","n","n","n","n","n","n","n","n","n","y","n","n","n","n","n","n","n","n","n","y","n","n","n","n","n","n","n","n","n","n","n","n","n","n","n","n","n","n","n","n","y","n","n","n","n","n","n","n","n","n","n","n","n","n","n","n","n","n","n","n","n","site"
"n","n","n","n","n","n","n","n","n","n","n","n","n","n","n","n","n","n","n","n","n","n","n","n","n","n","n","n","n","n","n","n","y","n","y","n","n","n","n","n","n","n","n","n","n","n","n","n","y","y","n","n","n","n","n","n","n","n","n","n","n","n","n","n","y","n","n","n","n","n","n","n","n","n","n","n","n","n","n","n","n","n","n","n","n","n","n","n","n","n","n","n","n","y","y","n","n","n","n","y","nonsite"
"n","n","n","n","n","n","n","n","n","n","n","n","n","n","n","n","n","y","y","n","n","n","n","n","n","n","n","n","n","n","n","n","n","n","y","n","n","n","y","n","n","n","n","n","n","n","n","y","n","n","n","n","n","n","n","n","n","n","y","n","n","n","n","n","n","n","n","n","n","y","n","n","n","n","n","n","n","n","n","n","n","n","y","y","n","n","n","n","n","n","n","n","n","n","n","n","n","n","n","n","site"
"n","n","n","y","n","n","n","n","n","n","n","n","n","y","n","n","n","y","y","n","n","n","n","n","n","n","n","n","n","n","n","n","n","n","y","n","n","n","y","n","n","n","n","n","n","n","n","y","n","n","n","n","n","n","n","n","n","n","n","n","n","n","n","n","n","n","n","n","n","n","n","n","n","n","n","n","n","n","n","n","n","n","n","y","n","n","n","n","n","n","n","n","n","n","n","n","n","n","n","n","site"
"n","n","n","n","n","n","n","n","n","n","n","n","n","n","n","n","n","y","y","n","n","n","n","n","n","n","n","n","n","n","n","n","n","n","y","n","n","n","y","n","n","n","n","n","n","n","n","n","y","n","n","n","n","n","n","n","n","n","y","n","n","n","n","n","n","n","n","n","n","y","n","n","n","n","n","n","n","n","n","n","n","n","n","y","y","n","n","n","n","n","n","n","n","n","n","n","n","n","n","n","site"
"n","n","n","n","n","n","n","y","n","n","n","n","n","y","n","n","n","y","y","n","n","n","n","n","n","n","n","n","n","n","n","n","n","n","y","n","n","n","y","n","n","n","n","n","n","n","n","y","n","n","n","n","n","n","n","n","n","n","y","n","n","n","n","n","n","n","n","n","n","n","n","n","n","n","n","n","n","n","n","y","n","n","n","n","n","n","n","n","n","n","n","n","n","n","n","n","n","n","n","n","site"
"n","n","n","y","n","n","n","n","y","n","n","n","n","n","n","n","n","n","n","n","n","n","n","n","n","n","n","n","n","n","n","n","n","y","y","n","n","n","y","n","n","n","n","n","n","n","n","n","n","n","n","n","n","n","n","n","n","y","n","y","n","n","n","n","n","n","n","n","n","n","n","n","n","n","n","n","n","n","n","n","n","n","n","n","n","n","n","n","n","n","y","n","n","n","n","n","n","n","n","y","nonsite"
"n","n","n","n","n","n","n","n","y","n","n","n","n","y","n","n","n","y","y","n","n","n","n","n","n","n","n","n","n","n","n","n","n","n","y","n","n","n","y","n","n","n","n","n","n","n","n","n","n","n","n","n","n","y","n","n","n","y","n","n","n","n","n","n","y","n","n","n","n","n","n","n","n","n","n","n","n","n","y","n","n","n","n","y","n","n","n","n","n","n","n","n","n","n","n","n","n","n","n","n","site"
"n","n","n","n","n","n","n","n","n","n","n","n","n","y","n","n","n","y","y","n","n","n","n","n","n","n","n","n","n","n","n","n","y","n","y","n","n","n","y","n","n","n","n","n","n","n","n","n","n","n","n","n","n","n","y","n","n","n","y","n","n","n","n","n","n","n","n","n","n","n","n","n","n","n","n","n","n","n","y","n","n","n","n","n","n","n","n","n","n","n","n","n","n","n","n","n","n","y","n","n","site"
"n","n","n","n","y","n","n","n","n","n","n","y","n","n","n","n","y","y","n","n","n","n","n","n","n","n","n","n","n","n","n","n","n","n","n","n","n","n","n","n","n","n","n","n","n","n","n","n","n","n","n","n","n","n","n","n","n","n","n","n","n","n","n","n","n","n","n","n","n","n","n","n","n","y","n","n","n","y","n","n","n","n","n","n","n","n","n","n","n","n","n","n","n","n","y","n","n","n","n","y","nonsite"
"n","n","n","n","n","n","n","n","n","n","n","n","n","n","y","n","n","n","n","n","n","n","n","n","n","n","n","n","n","n","n","n","n","n","n","n","n","n","n","n","n","n","n","n","n","n","n","n","n","n","n","n","y","n","y","n","n","n","y","y","n","y","n","n","n","n","n","n","n","n","n","n","y","n","n","n","n","n","n","n","n","n","y","n","y","n","n","n","n","n","n","n","n","n","n","n","n","y","n","y","nonsite"
"n","n","n","n","n","n","n","n","y","n","n","n","n","y","n","n","n","y","y","n","n","n","n","n","n","n","n","n","n","n","n","n","n","n","y","n","n","n","y","n","n","n","n","n","n","n","n","y","n","n","n","n","y","n","n","n","n","n","n","n","n","n","n","n","n","n","n","n","n","n","n","n","n","n","n","n","n","n","y","n","n","n","n","n","n","n","n","n","n","n","n","n","n","n","n","n","n","n","n","n","site"
"n","n","n","n","n","n","n","n","n","n","n","n","y","y","n","n","n","y","y","n","n","n","n","n","n","n","n","n","n","n","n","n","n","y","y","n","n","n","n","n","n","n","n","n","n","n","n","y","n","n","n","n","n","n","n","n","n","n","n","n","n","n","n","n","n","n","n","n","n","n","n","n","n","n","n","n","n","n","y","n","n","n","n","y","n","n","n","n","n","n","n","n","n","n","n","n","n","n","n","y","site"
"n","y","n","n","n","n","n","y","n","n","n","n","n","n","n","n","n","n","n","n","n","n","n","n","n","n","n","n","n","n","n","n","n","y","n","n","n","n","n","n","n","n","n","n","n","n","n","n","n","n","n","n","n","y","y","n","n","n","n","n","n","n","n","n","n","n","n","n","n","n","n","n","y","n","n","n","n","n","n","n","n","n","n","n","y","n","n","n","n","n","n","n","n","n","y","n","n","n","n","n","nonsite"
"n","n","n","n","n","n","n","n","n","n","n","n","n","n","n","n","n","y","y","n","n","n","n","n","n","n","n","n","y","y","n","n","n","n","n","n","n","n","n","y","n","n","n","n","n","n","n","y","n","n","n","n","n","n","n","n","n","n","n","n","n","n","n","n","n","n","n","n","n","n","n","n","n","n","n","n","n","n","n","n","n","n","n","y","n","n","n","y","n","n","n","n","n","n","n","n","n","n","n","n","site"
"n","n","n","n","y","n","n","n","n","n","n","n","n","n","n","n","n","n","n","n","n","n","n","n","n","n","n","n","n","n","n","n","n","n","y","n","n","y","n","n","n","n","n","n","n","n","n","n","n","n","n","y","n","n","y","n","n","n","n","n","n","n","n","n","n","n","n","n","n","y","n","n","n","n","n","n","n","n","y","n","n","n","n","n","n","n","n","n","n","n","n","n","n","y","y","n","n","n","y","y","nonsite"
"n","n","n","n","n","n","n","n","n","n","n","n","n","y","n","n","n","y","y","n","n","n","n","n","n","n","n","n","n","n","n","n","n","n","y","n","n","n","y","n","n","n","n","n","n","n","n","y","n","n","n","n","n","n","n","n","n","n","y","n","n","n","n","n","n","n","n","y","n","n","n","n","n","n","n","n","n","n","y","n","n","n","n","n","n","n","n","n","n","n","n","n","n","n","n","n","n","n","n","n","site"
"n","n","n","y","n","n","n","n","n","n","n","n","n","y","n","n","n","y","y","n","n","n","n","n","n","n","n","n","n","n","n","n","n","n","y","n","n","n","y","n","n","n","n","n","n","n","n","y","n","n","n","n","n","n","n","n","n","n","n","n","n","n","n","n","n","n","n","n","n","n","n","n","n","n","n","n","n","n","n","n","n","n","n","y","n","n","n","n","n","n","n","n","n","n","n","n","n","n","n","n","site"
"n","n","n","n","n","n","n","n","n","n","n","n","n","n","n","n","n","y","n","n","n","n","n","n","n","n","n","n","n","n","n","n","n","n","n","n","n","n","n","n","n","n","n","n","n","n","n","n","n","n","n","y","y","n","y","n","y","n","y","y","n","n","n","n","n","n","n","y","n","n","n","n","n","y","n","n","n","n","n","n","n","n","n","n","y","n","n","n","n","n","n","n","n","n","n","n","n","n","n","y","nonsite"
"n","n","n","n","n","n","n","n","n","n","n","n","n","n","n","n","n","y","y","n","n","n","n","n","n","n","n","n","n","n","n","n","n","n","y","n","n","n","y","n","n","n","n","n","n","n","n","n","y","n","n","n","n","n","n","n","n","n","y","n","n","n","n","n","n","n","n","n","n","y","n","n","n","n","n","n","n","n","n","n","n","n","y","n","y","n","n","n","n","n","n","n","n","n","n","n","n","n","n","n","site"
"n","n","n","n","n","n","n","n","n","n","n","n","n","y","n","n","n","y","y","n","n","n","n","n","n","n","n","n","n","n","n","n","n","n","y","n","n","n","y","n","n","n","n","n","n","n","n","n","y","n","n","n","n","n","n","n","n","n","y","n","n","n","n","n","n","n","n","n","n","y","n","n","n","n","n","n","n","n","y","n","n","n","n","n","n","n","n","n","n","n","n","n","y","n","n","n","n","n","n","n","site"
"n","n","n","n","n","n","n","n","n","n","n","n","n","n","n","n","n","n","n","n","n","n","n","n","n","n","y","n","n","n","n","n","n","n","y","n","n","n","n","n","n","n","y","n","n","n","n","n","n","n","n","n","n","y","n","n","n","n","n","n","n","n","n","n","n","n","n","n","n","n","n","n","n","n","n","n","n","n","n","n","n","n","n","n","n","n","n","n","n","n","n","n","n","n","n","n","n","n","n","y","nonsite"
"n","n","n","n","n","n","n","n","n","n","n","n","n","n","n","n","n","n","n","n","n","n","n","n","n","n","n","n","n","n","n","n","n","n","n","n","n","n","n","n","n","n","n","n","y","n","n","n","n","n","n","n","n","n","n","n","n","y","n","n","n","n","n","n","n","n","n","n","n","n","n","n","n","n","n","n","n","n","n","n","n","n","n","n","y","n","n","n","n","n","n","n","n","n","n","n","n","n","y","n","nonsite"
"n","n","n","y","n","n","n","n","n","n","n","n","n","y","n","n","n","y","y","n","n","n","n","n","n","n","n","y","y","n","n","n","n","y","y","n","n","n","n","n","n","n","n","n","n","n","n","n","n","n","n","n","n","n","y","n","n","n","n","n","n","n","n","n","n","n","n","n","n","n","n","n","n","n","n","n","n","n","n","n","n","n","n","n","n","n","n","n","n","n","n","n","n","n","n","n","n","y","n","n","site"
"n","n","y","n","n","n","n","n","n","n","n","n","n","n","n","n","n","n","n","n","n","n","y","n","n","n","n","n","n","n","n","n","n","n","n","n","n","n","y","n","n","n","n","n","n","n","n","n","n","y","n","n","y","n","y","n","n","n","n","y","n","n","n","n","y","n","n","n","n","y","n","n","n","n","n","n","n","n","n","n","n","n","n","n","y","n","n","n","n","n","n","n","n","n","n","n","n","n","y","y","nonsite"
"n","n","n","n","n","n","n","n","n","n","n","n","n","n","n","n","n","n","n","y","n","n","n","n","n","n","n","n","n","n","n","n","n","n","n","n","y","y","y","y","n","n","n","n","n","n","n","n","n","n","n","n","n","n","y","n","n","n","n","y","n","n","n","n","n","n","n","n","n","n","n","n","n","n","n","n","n","n","n","n","n","n","y","y","y","n","n","n","y","n","n","n","n","n","n","n","n","n","n","y","nonsite"
"n","n","n","n","y","n","n","n","n","n","n","n","n","y","n","n","n","n","y","y","n","n","n","n","n","n","n","n","n","n","n","n","n","n","y","n","n","n","n","y","n","n","n","n","n","n","n","y","n","n","n","n","n","n","n","n","n","n","n","n","n","n","n","n","n","n","n","n","n","n","n","n","n","n","n","n","n","n","n","n","n","n","n","n","y","n","n","n","n","n","n","n","n","y","n","n","n","n","n","n","site"
"n","n","n","n","n","n","n","n","n","n","n","n","n","n","n","n","n","n","n","y","n","n","n","n","n","n","n","n","n","n","n","n","n","n","n","n","n","n","y","n","n","y","n","n","n","n","n","n","n","n","n","n","n","n","n","n","n","n","n","n","n","n","n","n","n","n","n","n","n","y","n","n","n","n","n","n","n","n","n","n","n","n","n","n","y","n","n","n","n","n","n","n","n","n","n","n","n","y","n","n","nonsite"
"n","n","n","n","n","n","n","n","n","y","n","n","n","n","n","n","n","n","n","n","n","n","n","n","n","n","n","y","n","n","n","n","n","n","n","n","n","n","n","n","n","n","n","n","n","n","n","n","n","n","n","y","n","n","y","n","n","n","n","n","n","n","n","n","n","n","n","n","n","n","n","n","n","n","n","n","n","n","y","y","n","n","n","n","n","n","n","n","n","n","n","n","n","n","n","n","n","n","n","n","nonsite"
"n","n","n","n","n","n","n","n","n","n","n","n","n","n","n","n","n","n","n","n","n","n","n","n","n","n","n","n","n","n","n","n","n","n","y","n","n","n","n","y","n","n","n","n","y","n","n","n","n","y","n","n","n","n","n","n","n","n","n","n","n","n","n","n","n","n","n","n","n","n","n","n","y","y","n","n","y","n","y","n","n","y","n","n","n","n","n","n","n","n","n","n","n","n","n","n","n","n","n","n","nonsite"
"n","n","y","n","n","n","n","n","y","n","n","n","n","n","n","n","n","y","y","y","n","n","n","n","n","n","n","n","n","n","n","n","n","n","n","n","n","y","y","n","n","n","n","n","n","n","n","n","n","n","n","n","n","n","n","n","n","n","n","n","n","n","n","n","n","n","n","n","y","y","n","n","n","n","n","n","n","n","n","n","n","n","n","n","n","n","n","n","n","y","n","n","n","n","n","n","n","y","n","n","site"
"n","n","n","y","n","n","n","n","n","n","n","n","n","n","n","n","n","n","n","y","n","n","n","n","n","n","n","n","n","n","n","n","n","n","n","n","n","n","n","n","n","n","n","n","n","n","n","n","n","n","n","n","n","n","n","n","n","n","n","n","n","n","n","n","n","n","n","n","n","n","n","n","n","n","n","n","n","n","n","n","n","n","n","n","n","n","n","n","n","n","n","n","n","n","n","n","n","n","n","n","nonsite"
"n","n","n","n","n","n","n","n","n","n","n","n","n","y","n","n","n","y","y","n","n","n","n","n","n","n","n","n","n","n","n","n","n","n","y","n","n","n","y","n","n","n","n","n","n","n","n","n","y","n","n","n","n","y","n","n","n","n","n","n","n","n","n","n","n","n","n","n","n","n","n","n","n","n","n","n","n","n","y","y","n","n","n","n","n","n","n","n","n","n","n","n","y","n","n","n","n","n","n","n","site"
"n","n","n","n","n","n","n","n","n","n","n","n","n","y","n","n","n","y","y","n","n","n","n","n","n","n","n","y","n","n","n","n","n","n","y","n","n","n","y","n","n","n","n","n","n","n","n","n","y","n","n","n","n","n","n","n","n","n","n","n","n","n","n","n","n","n","n","n","n","n","n","n","n","n","n","n","n","n","n","n","n","n","n","n","n","n","n","n","n","n","n","n","n","n","n","n","n","y","n","n","site"
"n","n","n","n","y","n","n","n","n","n","n","n","n","y","n","n","n","y","y","n","n","n","n","n","n","n","n","n","n","n","n","n","n","n","y","n","n","n","y","n","n","n","y","n","n","n","n","y","y","n","n","n","n","n","y","n","n","n","n","n","n","n","n","n","n","n","n","n","n","n","n","n","n","n","n","n","n","n","n","n","n","n","n","n","n","n","n","n","n","n","n","n","n","n","n","n","n","n","n","n","site"
"n","n","n","n","n","n","n","n","n","n","n","n","n","n","n","n","n","n","n","n","n","n","n","n","n","n","n","n","n","n","n","n","n","n","n","n","n","n","n","n","n","n","n","n","n","n","n","n","n","n","n","n","n","n","n","n","n","n","n","y","n","n","n","n","n","n","n","n","n","n","n","n","n","n","n","n","n","n","n","n","n","n","n","n","n","n","n","n","n","n","n","n","n","n","n","n","n","n","n","n","nonsite"
"n","n","y","y","n","n","n","n","n","n","n","n","n","y","n","n","n","y","n","n","n","n","n","n","n","n","n","n","y","n","n","n","n","y","y","n","n","n","y","n","n","n","n","n","n","n","n","n","n","n","n","n","y","n","n","n","n","n","y","n","n","n","n","n","n","n","n","n","n","n","n","n","y","n","n","n","n","n","y","n","n","n","n","n","n","n","n","n","n","n","n","n","n","n","y","n","n","n","n","n","site"
"n","n","n","n","n","n","n","n","n","n","n","n","y","y","n","n","n","y","y","n","n","n","n","n","n","n","n","n","n","n","n","n","n","y","y","n","n","n","n","n","n","n","n","n","n","n","n","y","n","n","n","n","n","n","n","n","n","n","n","n","n","n","n","n","n","n","n","n","n","n","n","n","n","n","n","n","n","n","y","n","n","n","n","y","n","n","n","n","n","n","n","n","n","n","n","n","n","n","n","y","site"
"n","n","n","n","n","n","n","n","n","n","n","n","n","n","n","n","n","y","y","n","n","n","n","n","n","n","n","n","n","n","n","n","n","n","y","n","n","n","y","n","n","n","n","n","n","n","n","n","y","n","n","n","n","n","n","n","n","n","y","n","n","n","n","n","n","n","n","n","n","y","n","n","n","n","n","n","n","n","n","n","n","n","y","y","n","n","n","n","n","n","n","n","n","n","n","n","n","n","n","n","site"
"n","n","y","n","n","n","n","n","n","n","n","n","n","n","n","n","n","n","n","n","n","n","n","n","n","n","n","n","n","n","n","n","n","y","n","n","n","n","n","n","n","n","n","n","n","n","n","n","n","n","n","n","n","n","n","n","n","n","n","n","n","n","n","n","n","n","n","n","n","y","n","n","n","n","n","n","n","n","n","y","n","n","n","n","n","n","n","n","n","n","n","n","n","n","n","n","n","n","n","n","nonsite"
"n","n","n","n","n","n","n","n","y","n","n","n","n","n","n","n","n","n","n","y","n","n","n","n","n","n","n","n","n","n","n","n","n","n","y","n","n","n","y","n","n","n","y","n","n","n","n","n","n","n","n","n","y","n","n","n","n","y","n","n","n","n","n","n","n","n","n","n","y","n","n","n","n","n","n","n","n","y","y","n","n","n","n","y","n","n","n","n","n","n","n","n","n","n","y","n","n","n","y","n","site"
"n","n","n","n","n","n","n","n","n","y","n","n","n","n","n","n","n","y","n","n","n","n","n","n","n","n","n","n","n","n","n","n","n","n","n","n","n","n","n","n","n","n","n","n","y","n","n","n","n","n","n","n","n","n","y","n","n","n","n","y","n","n","n","n","n","n","n","n","n","n","n","n","n","n","n","n","n","n","y","y","n","n","n","n","n","n","n","n","n","n","n","n","n","n","n","n","n","n","n","n","nonsite"
"n","n","y","n","n","n","n","n","n","n","n","n","n","n","n","n","n","y","y","n","n","n","n","n","n","n","n","n","n","n","n","n","n","n","n","n","n","n","y","n","n","n","n","n","n","n","n","y","n","n","n","n","n","n","n","n","n","n","y","n","n","n","n","n","y","n","n","n","y","n","n","n","n","n","n","n","n","n","n","n","n","n","n","y","n","n","n","n","n","n","n","n","n","n","n","n","n","n","n","n","site"
"n","n","n","y","y","n","n","n","n","n","n","n","n","n","y","n","n","n","n","n","n","n","n","n","n","n","n","n","n","n","n","n","n","y","n","n","n","n","y","n","n","n","n","n","n","n","n","n","y","n","n","n","n","n","n","n","n","y","n","n","n","n","n","n","y","n","n","n","y","n","n","n","n","n","y","n","n","n","n","n","n","n","n","y","y","n","n","n","n","n","n","n","n","n","n","n","n","n","y","n","nonsite"
"n","n","n","n","n","n","n","n","y","n","n","n","n","n","n","n","n","n","n","n","n","n","n","n","n","n","n","n","n","y","y","n","n","y","n","n","n","n","n","n","n","n","n","n","n","n","n","n","n","n","n","n","n","n","n","n","n","n","n","n","n","n","n","n","n","n","n","n","n","n","n","n","n","n","n","n","n","n","n","y","n","n","n","n","y","n","n","y","n","n","n","n","n","n","y","n","n","n","n","n","nonsite"
"n","n","n","n","n","n","n","n","n","n","n","n","n","y","n","n","n","n","n","n","n","n","n","n","n","n","n","n","n","n","n","n","n","n","n","n","n","n","n","n","n","n","n","n","n","n","n","n","n","n","n","n","y","n","n","n","n","n","n","y","n","n","n","n","n","n","n","n","n","n","n","n","n","n","y","n","n","n","n","n","n","n","y","n","y","n","n","n","n","n","n","n","n","n","n","n","n","n","n","n","nonsite"
"n","n","n","n","n","n","n","n","n","n","n","n","n","n","n","n","n","y","n","n","n","n","n","n","n","n","n","n","n","n","n","n","n","n","n","n","n","y","n","n","n","n","n","n","n","n","n","n","n","n","n","n","n","n","y","n","n","n","n","n","n","n","n","n","n","n","n","n","n","y","n","n","n","n","n","n","n","n","n","y","n","n","n","y","n","n","n","n","n","n","n","n","n","n","y","y","n","y","y","y","nonsite"
"n","n","n","y","n","n","n","n","n","y","n","n","n","n","y","n","n","n","n","n","n","n","n","n","n","n","n","n","n","n","n","n","n","n","n","n","n","n","n","n","n","n","y","n","n","n","n","n","n","y","n","n","n","n","y","n","n","n","n","n","n","n","y","y","y","n","n","n","y","n","n","n","n","n","n","n","n","n","n","n","n","n","n","n","n","n","n","n","n","n","n","n","n","n","n","n","n","n","n","y","nonsite"
"n","n","n","n","n","n","n","n","n","n","n","n","n","y","n","n","n","y","y","n","n","n","n","n","n","n","n","n","n","n","n","n","n","y","y","n","n","n","n","n","n","n","n","n","n","n","n","y","n","n","n","n","n","n","n","n","n","y","y","y","n","n","n","n","n","n","n","n","n","n","n","n","n","n","n","n","n","n","n","n","n","n","n","n","n","n","n","n","n","n","n","n","n","n","n","n","n","n","n","n","site"
"n","n","n","n","n","n","n","n","n","n","n","n","n","n","n","n","n","n","n","n","n","n","n","n","n","n","n","n","n","n","n","n","n","n","n","n","n","n","n","n","n","n","n","n","n","n","n","n","n","n","n","n","n","n","n","n","n","n","n","n","n","n","n","n","n","n","n","n","n","n","n","n","n","n","n","n","n","n","n","n","n","n","n","n","n","n","n","n","n","n","n","n","n","n","n","n","n","n","n","n","nonsite"
"n","n","n","n","y","n","n","n","n","n","n","n","n","y","n","n","n","y","y","n","n","n","n","n","n","n","n","y","n","n","n","n","n","n","y","n","n","n","y","n","n","n","n","n","n","n","n","n","y","n","n","n","n","n","n","n","n","n","n","n","n","n","n","n","n","n","n","n","n","y","n","n","n","n","n","n","n","n","n","n","n","n","n","n","n","n","n","n","n","n","n","n","n","n","n","n","n","y","n","n","site"
"n","n","n","y","n","n","n","n","n","n","n","n","n","y","n","n","n","y","y","y","n","n","n","n","n","n","n","n","n","n","n","n","n","n","y","n","n","n","y","n","n","n","n","n","n","n","n","y","n","n","n","n","n","n","n","n","n","n","n","n","n","n","n","n","n","n","n","n","n","n","n","n","n","n","n","n","n","n","n","n","n","n","y","n","n","n","n","n","n","n","n","n","n","n","n","n","n","n","n","y","site"
"n","n","n","n","n","n","n","n","n","n","n","n","n","n","n","n","n","y","y","n","n","n","n","n","n","n","n","n","n","n","n","n","n","n","y","n","n","n","y","n","n","n","n","n","n","n","n","y","n","n","n","n","n","n","n","n","n","n","n","n","n","n","n","n","y","n","n","n","n","n","n","n","n","n","n","n","n","y","n","n","n","n","n","n","n","n","n","n","n","n","n","n","n","n","n","n","n","y","y","n","site"
"n","n","n","n","n","n","n","n","y","n","n","n","n","n","n","n","n","y","y","n","n","n","n","n","n","n","n","n","n","n","n","n","n","n","y","n","n","n","y","n","n","n","n","n","n","n","n","y","n","n","n","n","n","n","n","n","n","n","y","n","n","n","n","n","n","n","n","n","n","n","n","n","n","n","n","n","n","y","y","n","n","n","n","n","n","n","n","n","n","n","n","n","n","n","n","n","n","y","n","y","site"
"n","n","n","y","n","n","n","n","n","n","n","n","n","y","n","n","n","y","y","n","n","n","n","n","n","n","n","n","n","n","n","n","n","n","y","n","n","n","y","n","n","n","n","n","n","n","n","y","n","n","n","n","n","n","n","n","n","n","y","n","n","n","n","n","n","n","n","y","n","y","n","n","n","n","n","n","n","n","n","n","n","n","n","n","n","n","n","n","n","n","n","n","n","n","n","n","n","n","n","n","site"
"n","n","n","n","n","n","n","n","y","n","n","n","n","n","n","n","n","y","y","y","n","n","n","n","n","n","n","n","n","n","n","n","n","n","n","n","n","y","n","n","n","n","n","n","n","n","n","n","n","y","n","n","n","n","n","n","n","n","n","n","n","n","n","n","n","n","n","y","n","n","n","n","n","n","n","n","n","n","y","n","n","n","n","n","n","n","n","n","n","n","n","n","n","n","n","n","n","y","y","n","site"
"n","n","n","n","y","n","n","n","n","n","n","n","n","y","n","n","n","y","y","n","n","n","n","n","n","n","n","n","n","n","n","n","n","n","y","n","n","n","n","n","n","n","n","n","n","n","n","n","y","n","n","n","n","n","n","n","n","n","y","n","n","n","n","n","n","n","n","n","n","n","n","n","n","n","n","n","n","n","y","n","n","n","n","n","n","n","n","n","n","n","n","n","n","n","n","n","n","y","y","n","site"
"n","n","n","n","n","n","n","n","y","n","n","n","n","y","n","n","n","y","y","n","n","n","n","n","n","n","n","n","n","n","n","n","n","n","y","n","n","n","y","n","n","n","n","n","n","n","n","n","n","n","n","n","y","n","n","n","n","y","n","n","n","n","n","n","y","n","n","n","n","n","n","n","n","n","n","n","n","n","y","n","n","n","n","y","n","n","n","n","n","n","n","n","n","n","n","n","n","n","n","n","site"
"n","n","n","n","n","n","n","n","y","n","n","n","n","y","n","n","n","n","n","y","n","n","n","n","n","n","n","n","n","n","n","n","n","n","n","n","n","n","n","n","n","n","n","n","n","n","n","n","n","n","n","n","n","n","n","n","n","n","n","n","n","n","n","n","n","n","n","n","n","n","n","n","n","n","n","n","n","n","n","n","n","n","n","n","y","n","n","n","n","n","n","n","n","n","n","n","n","n","n","n","site"
"n","n","n","n","y","n","n","n","n","n","n","n","n","y","n","n","n","y","y","y","n","n","n","n","n","n","n","n","n","n","n","n","n","y","y","n","n","n","y","y","n","n","n","n","n","n","n","y","n","y","n","n","n","n","n","n","n","n","n","n","n","n","n","n","n","n","n","n","n","n","n","n","n","n","n","n","n","n","n","n","n","n","n","n","n","n","n","n","n","n","n","n","n","n","n","n","n","n","n","n","site"
"n","n","n","n","n","n","n","n","y","n","n","n","n","n","n","n","n","n","n","n","n","n","n","n","n","n","n","n","n","n","n","n","n","n","y","n","n","n","n","n","n","n","n","n","n","n","n","n","n","n","n","n","n","n","n","n","n","n","n","n","n","n","n","n","y","n","n","n","n","n","n","n","n","n","n","n","n","n","n","n","n","n","n","n","n","n","n","n","n","n","n","n","n","n","n","n","n","n","n","n","nonsite"
"n","n","n","n","n","n","n","n","n","n","n","n","n","n","n","n","n","n","n","n","n","n","n","n","n","n","n","n","n","n","n","n","n","n","n","n","n","n","n","n","n","n","n","n","n","n","n","n","n","n","n","n","n","n","n","n","n","n","n","n","n","n","n","n","n","n","n","n","n","n","n","n","n","n","n","n","n","n","n","n","n","n","n","n","y","n","n","n","n","n","n","n","n","n","n","n","n","n","n","n","nonsite"
"n","n","n","y","n","n","n","n","n","n","n","n","n","y","n","n","n","y","y","n","n","n","n","n","n","n","n","n","n","n","n","n","n","n","y","n","n","n","y","n","n","n","n","n","n","n","n","y","n","n","n","n","n","n","n","n","n","n","y","n","n","n","n","n","n","n","n","y","n","n","n","n","n","n","n","n","n","n","n","n","n","n","n","n","n","n","n","n","n","n","n","n","n","n","n","n","n","n","n","n","site"
"n","n","n","n","n","n","n","n","n","n","n","n","n","n","y","n","n","n","n","n","n","n","n","n","n","n","n","n","n","n","n","n","n","n","y","n","n","n","n","n","n","n","n","n","n","n","n","n","n","n","n","n","n","n","n","n","n","n","n","n","n","n","n","n","n","n","n","n","n","n","n","n","n","y","n","n","n","n","n","n","n","n","n","y","n","n","n","n","n","n","n","n","n","n","n","n","n","n","n","n","site"
"n","n","n","y","n","n","n","n","n","n","n","n","y","n","n","n","n","y","y","n","n","n","n","n","n","n","n","n","n","n","n","n","n","n","y","n","n","n","y","n","n","n","n","n","n","n","n","y","n","n","n","n","n","n","n","n","n","n","n","n","n","n","n","n","n","n","n","n","n","n","n","n","n","n","n","n","n","n","n","n","n","n","n","y","n","n","n","n","n","n","n","n","n","n","n","n","n","n","n","n","site"
"n","n","n","n","n","n","n","n","n","n","n","n","n","y","n","n","n","y","y","n","n","n","n","n","n","n","n","n","n","n","n","n","n","n","y","n","n","n","y","n","n","n","n","n","n","n","n","n","y","n","n","n","n","y","n","n","n","n","n","n","n","n","n","n","n","n","n","n","n","n","n","n","n","n","n","n","n","n","y","y","n","n","n","n","n","n","n","n","n","n","n","n","y","n","n","n","n","n","n","n","site"
"n","n","n","n","n","n","n","n","n","n","n","n","n","y","n","n","n","y","y","n","n","n","n","n","n","n","n","n","n","n","n","n","n","n","y","n","n","n","y","n","n","n","n","n","n","n","n","n","n","y","n","n","n","y","n","n","n","n","n","n","n","n","n","n","n","n","n","n","n","n","n","n","n","n","n","n","n","n","y","n","n","n","n","y","n","n","n","n","n","n","n","n","n","n","n","n","n","n","n","n","site"
"n","n","n","y","n","n","n","n","n","n","n","n","n","y","n","n","n","y","y","n","n","n","n","n","n","n","n","n","n","n","n","n","n","n","y","n","n","n","y","n","n","n","n","n","n","n","n","y","n","n","n","n","n","n","n","n","n","n","n","n","n","n","n","n","n","n","n","n","n","n","n","n","n","n","n","n","n","n","n","n","n","n","n","y","n","n","n","n","n","n","n","n","n","n","n","n","n","n","n","n","site"
